{"cameraMode":{"drawMode":0,"name":"Shaded","section":"Shading Mode"},"sceneLighting":true,"audioPlay":false,"sceneViewState":{"m_AlwaysRefresh":false,"showFog":true,"showSkybox":true,"showFlares":true,"showImageEffects":true,"showParticleSystems":true,"showVisualEffectGraphs":true,"m_FxEnabled":true},"in2DMode":false,"pivot":{"x":1.308495044708252,"y":3.3989017009735109,"z":-0.04569783806800842},"rotation":{"x":-0.22332338988780976,"y":0.7157158255577087,"z":-0.2633189558982849,"w":-0.6071492433547974},"size":0.31345489621162417,"orthographic":false}